<?xml version="1.0" encoding="UTF-8" ?>
<list>
  <org.jeecgframework.core.common.model.common.DBTable>
    <tableName>cgform_head</tableName>
    <tableEntityClass>org.jeecgframework.web.cgform.pojo.config.CgFormHeadPojo</tableEntityClass>
    <tableData>
      <org.jeecgframework.web.cgform.pojo.config.CgFormHeadPojo>
        <id>8a81b2e65e27cd37015e27d4dc38000a</id>
        <tableName>tpss_etl_task_1</tableName>
        <isTree>N</isTree>
        <isPagination>Y</isPagination>
        <isDbsynch>Y</isDbsynch>
        <isCheckbox>N</isCheckbox>
        <querymode>single</querymode>
        <content>tpss_etl_task</content>
        <createDate class="sql-timestamp">2017-08-28 07:53:35.0</createDate>
        <createBy>admin</createBy>
        <createName>管理员</createName>
        <updateDate class="sql-timestamp">2017-08-29 03:56:03.0</updateDate>
        <updateBy>admin</updateBy>
        <updateName>管理员</updateName>
        <jformVersion>11</jformVersion>
        <jformType>1</jformType>
        <jformPkType>UUID</jformPkType>
        <jformPkSequence></jformPkSequence>
        <relationType>0</relationType>
        <treeIdFieldname>id</treeIdFieldname>
        <jformCategory>bdfl_ptbd</jformCategory>
        <formTemplate>RowsEdit</formTemplate>
        <formTemplateMobile></formTemplateMobile>
        <tableType></tableType>
      </org.jeecgframework.web.cgform.pojo.config.CgFormHeadPojo>
    </tableData>
  </org.jeecgframework.core.common.model.common.DBTable>
  <org.jeecgframework.core.common.model.common.DBTable>
    <tableName>cgform_index</tableName>
    <tableEntityClass>org.jeecgframework.web.cgform.pojo.config.CgFormIndexPojo</tableEntityClass>
    <tableData/>
  </org.jeecgframework.core.common.model.common.DBTable>
  <org.jeecgframework.core.common.model.common.DBTable>
    <tableName>cgform_field</tableName>
    <tableEntityClass>org.jeecgframework.web.cgform.pojo.config.CgFormFieldPojo</tableEntityClass>
    <tableData>
      <org.jeecgframework.web.cgform.pojo.config.CgFormFieldPojo>
        <id>8a81b2e65e27cd37015e27d4dc39000b</id>
        <fieldName>id</fieldName>
        <tableId>8a81b2e65e27cd37015e27d4dc38000a</tableId>
        <length>36</length>
        <pointLength>0</pointLength>
        <type>string</type>
        <isNull>N</isNull>
        <orderNum>1</orderNum>
        <isKey>Y</isKey>
        <isShow>N</isShow>
        <isShowList>N</isShowList>
        <showType>text</showType>
        <isQuery>N</isQuery>
        <fieldLength>120</fieldLength>
        <fieldHref></fieldHref>
        <fieldValidType></fieldValidType>
        <queryMode>single</queryMode>
        <content>主键</content>
        <createDate class="sql-timestamp">2017-08-28 07:53:35.0</createDate>
        <createBy>admin</createBy>
        <createName>管理员</createName>
        <dictField></dictField>
        <dictTable></dictTable>
        <dictText></dictText>
        <mainTable></mainTable>
        <mainField></mainField>
        <oldFieldName>id</oldFieldName>
        <fieldDefault></fieldDefault>
      </org.jeecgframework.web.cgform.pojo.config.CgFormFieldPojo>
      <org.jeecgframework.web.cgform.pojo.config.CgFormFieldPojo>
        <id>8a81b2e65e27cd37015e27d4dc39000c</id>
        <fieldName>task_id</fieldName>
        <tableId>8a81b2e65e27cd37015e27d4dc38000a</tableId>
        <length>32</length>
        <pointLength>0</pointLength>
        <type>string</type>
        <isNull>Y</isNull>
        <orderNum>2</orderNum>
        <isKey>N</isKey>
        <isShow>Y</isShow>
        <isShowList>Y</isShowList>
        <showType>text</showType>
        <isQuery>N</isQuery>
        <fieldLength>120</fieldLength>
        <fieldHref></fieldHref>
        <fieldValidType></fieldValidType>
        <queryMode>single</queryMode>
        <content>task_id</content>
        <createDate class="sql-timestamp">2017-08-28 07:53:35.0</createDate>
        <createBy>admin</createBy>
        <createName>管理员</createName>
        <dictField></dictField>
        <dictTable></dictTable>
        <dictText></dictText>
        <mainTable></mainTable>
        <mainField></mainField>
        <oldFieldName>task_id</oldFieldName>
        <fieldDefault></fieldDefault>
      </org.jeecgframework.web.cgform.pojo.config.CgFormFieldPojo>
      <org.jeecgframework.web.cgform.pojo.config.CgFormFieldPojo>
        <id>8a81b2e65e27cd37015e27d4dc39000d</id>
        <fieldName>task_name</fieldName>
        <tableId>8a81b2e65e27cd37015e27d4dc38000a</tableId>
        <length>32</length>
        <pointLength>0</pointLength>
        <type>string</type>
        <isNull>Y</isNull>
        <orderNum>3</orderNum>
        <isKey>N</isKey>
        <isShow>Y</isShow>
        <isShowList>Y</isShowList>
        <showType>text</showType>
        <isQuery>N</isQuery>
        <fieldLength>120</fieldLength>
        <fieldHref></fieldHref>
        <fieldValidType></fieldValidType>
        <queryMode>single</queryMode>
        <content>task_name</content>
        <createDate class="sql-timestamp">2017-08-28 07:53:35.0</createDate>
        <createBy>admin</createBy>
        <createName>管理员</createName>
        <dictField></dictField>
        <dictTable></dictTable>
        <dictText></dictText>
        <mainTable></mainTable>
        <mainField></mainField>
        <oldFieldName>task_name</oldFieldName>
        <fieldDefault></fieldDefault>
      </org.jeecgframework.web.cgform.pojo.config.CgFormFieldPojo>
      <org.jeecgframework.web.cgform.pojo.config.CgFormFieldPojo>
        <id>8a81b2e65e27cd37015e27d4dc3a000e</id>
        <fieldName>task_desciption</fieldName>
        <tableId>8a81b2e65e27cd37015e27d4dc38000a</tableId>
        <length>32</length>
        <pointLength>0</pointLength>
        <type>string</type>
        <isNull>Y</isNull>
        <orderNum>4</orderNum>
        <isKey>N</isKey>
        <isShow>Y</isShow>
        <isShowList>Y</isShowList>
        <showType>text</showType>
        <isQuery>N</isQuery>
        <fieldLength>120</fieldLength>
        <fieldHref></fieldHref>
        <fieldValidType></fieldValidType>
        <queryMode>single</queryMode>
        <content>task_descip</content>
        <createDate class="sql-timestamp">2017-08-28 07:53:35.0</createDate>
        <createBy>admin</createBy>
        <createName>管理员</createName>
        <dictField></dictField>
        <dictTable></dictTable>
        <dictText></dictText>
        <mainTable></mainTable>
        <mainField></mainField>
        <oldFieldName>task_desciption</oldFieldName>
        <fieldDefault></fieldDefault>
      </org.jeecgframework.web.cgform.pojo.config.CgFormFieldPojo>
      <org.jeecgframework.web.cgform.pojo.config.CgFormFieldPojo>
        <id>8a81b2e65e27cd37015e27d4dc3a000f</id>
        <fieldName>task_status</fieldName>
        <tableId>8a81b2e65e27cd37015e27d4dc38000a</tableId>
        <length>32</length>
        <pointLength>0</pointLength>
        <type>int</type>
        <isNull>Y</isNull>
        <orderNum>5</orderNum>
        <isKey>N</isKey>
        <isShow>Y</isShow>
        <isShowList>Y</isShowList>
        <showType>radio</showType>
        <isQuery>N</isQuery>
        <fieldLength>120</fieldLength>
        <fieldHref></fieldHref>
        <fieldValidType></fieldValidType>
        <queryMode>single</queryMode>
        <content>task_status</content>
        <createDate class="sql-timestamp">2017-08-28 07:53:35.0</createDate>
        <createBy>admin</createBy>
        <createName>管理员</createName>
        <updateDate class="sql-timestamp">2017-08-29 03:56:03.0</updateDate>
        <updateBy>admin</updateBy>
        <updateName>管理员</updateName>
        <dictField>task.status</dictField>
        <dictTable></dictTable>
        <dictText></dictText>
        <mainTable></mainTable>
        <mainField></mainField>
        <oldFieldName>task_status</oldFieldName>
        <fieldDefault></fieldDefault>
      </org.jeecgframework.web.cgform.pojo.config.CgFormFieldPojo>
      <org.jeecgframework.web.cgform.pojo.config.CgFormFieldPojo>
        <id>8a81b2e65e27cd37015e27d4dc3a0010</id>
        <fieldName>bussiness_time</fieldName>
        <tableId>8a81b2e65e27cd37015e27d4dc38000a</tableId>
        <length>32</length>
        <pointLength>0</pointLength>
        <type>BigDecimal</type>
        <isNull>Y</isNull>
        <orderNum>6</orderNum>
        <isKey>N</isKey>
        <isShow>Y</isShow>
        <isShowList>Y</isShowList>
        <showType>text</showType>
        <isQuery>N</isQuery>
        <fieldLength>120</fieldLength>
        <fieldHref></fieldHref>
        <fieldValidType></fieldValidType>
        <queryMode>single</queryMode>
        <content>bussiness_time</content>
        <createDate class="sql-timestamp">2017-08-28 07:53:35.0</createDate>
        <createBy>admin</createBy>
        <createName>管理员</createName>
        <dictField></dictField>
        <dictTable></dictTable>
        <dictText></dictText>
        <mainTable></mainTable>
        <mainField></mainField>
        <oldFieldName>bussiness_time</oldFieldName>
        <fieldDefault></fieldDefault>
      </org.jeecgframework.web.cgform.pojo.config.CgFormFieldPojo>
      <org.jeecgframework.web.cgform.pojo.config.CgFormFieldPojo>
        <id>8a81b2e65e27cd37015e27d4dc3d0011</id>
        <fieldName>bussiness_date</fieldName>
        <tableId>8a81b2e65e27cd37015e27d4dc38000a</tableId>
        <length>32</length>
        <pointLength>0</pointLength>
        <type>string</type>
        <isNull>Y</isNull>
        <orderNum>7</orderNum>
        <isKey>N</isKey>
        <isShow>Y</isShow>
        <isShowList>Y</isShowList>
        <showType>text</showType>
        <isQuery>N</isQuery>
        <fieldLength>120</fieldLength>
        <fieldHref></fieldHref>
        <fieldValidType></fieldValidType>
        <queryMode>single</queryMode>
        <content>bussiness_date</content>
        <createDate class="sql-timestamp">2017-08-28 07:53:35.0</createDate>
        <createBy>admin</createBy>
        <createName>管理员</createName>
        <dictField></dictField>
        <dictTable></dictTable>
        <dictText></dictText>
        <mainTable></mainTable>
        <mainField></mainField>
        <oldFieldName>bussiness_date</oldFieldName>
        <fieldDefault></fieldDefault>
      </org.jeecgframework.web.cgform.pojo.config.CgFormFieldPojo>
      <org.jeecgframework.web.cgform.pojo.config.CgFormFieldPojo>
        <id>8a81b2e65e27cd37015e27d4dc3d0012</id>
        <fieldName>mvno_code</fieldName>
        <tableId>8a81b2e65e27cd37015e27d4dc38000a</tableId>
        <length>32</length>
        <pointLength>0</pointLength>
        <type>string</type>
        <isNull>Y</isNull>
        <orderNum>8</orderNum>
        <isKey>N</isKey>
        <isShow>Y</isShow>
        <isShowList>Y</isShowList>
        <showType>text</showType>
        <isQuery>N</isQuery>
        <fieldLength>120</fieldLength>
        <fieldHref></fieldHref>
        <fieldValidType></fieldValidType>
        <queryMode>single</queryMode>
        <content>mvno_code</content>
        <createDate class="sql-timestamp">2017-08-28 07:53:35.0</createDate>
        <createBy>admin</createBy>
        <createName>管理员</createName>
        <dictField></dictField>
        <dictTable></dictTable>
        <dictText></dictText>
        <mainTable></mainTable>
        <mainField></mainField>
        <oldFieldName>mvno_code</oldFieldName>
        <fieldDefault></fieldDefault>
      </org.jeecgframework.web.cgform.pojo.config.CgFormFieldPojo>
    </tableData>
  </org.jeecgframework.core.common.model.common.DBTable>
  <org.jeecgframework.core.common.model.common.DBTable>
    <tableName>cgform_button</tableName>
    <tableEntityClass>org.jeecgframework.web.cgform.entity.button.CgformButtonEntity</tableEntityClass>
    <tableData>
      <org.jeecgframework.web.cgform.entity.button.CgformButtonEntity>
        <id>8a81b2e65e27e327015e2b8d31bf0005</id>
        <formId>8a81b2e65e27cd37015e27d4dc38000a</formId>
        <buttonCode>stop</buttonCode>
        <buttonName>暂停</buttonName>
        <buttonStyle>link</buttonStyle>
        <optType>action</optType>
        <exp></exp>
        <buttonStatus>1</buttonStatus>
        <orderNum>2</orderNum>
        <buttonIcon>icon-edit</buttonIcon>
      </org.jeecgframework.web.cgform.entity.button.CgformButtonEntity>
      <org.jeecgframework.web.cgform.entity.button.CgformButtonEntity>
        <id>8a81b2e65e2b9ae0015e2ba1ae540002</id>
        <formId>8a81b2e65e27cd37015e27d4dc38000a</formId>
        <buttonCode>start</buttonCode>
        <buttonName>开始</buttonName>
        <buttonStyle>link</buttonStyle>
        <optType>action</optType>
        <exp></exp>
        <buttonStatus>1</buttonStatus>
        <orderNum>3</orderNum>
        <buttonIcon>icon-edit</buttonIcon>
      </org.jeecgframework.web.cgform.entity.button.CgformButtonEntity>
    </tableData>
  </org.jeecgframework.core.common.model.common.DBTable>
  <org.jeecgframework.core.common.model.common.DBTable>
    <tableName>cgform_enhance_js</tableName>
    <tableEntityClass>org.jeecgframework.web.cgform.entity.enhance.CgformEnhanceJsEntity</tableEntityClass>
    <tableData/>
  </org.jeecgframework.core.common.model.common.DBTable>
  <org.jeecgframework.core.common.model.common.DBTable>
    <tableName>cgform_button_sql</tableName>
    <tableEntityClass>org.jeecgframework.web.cgform.entity.button.CgformButtonSqlEntity</tableEntityClass>
    <tableData>
      <org.jeecgframework.web.cgform.entity.button.CgformButtonSqlEntity>
        <id>8a81b2e65e2b95dd015e2b99e9070003</id>
        <formId>8a81b2e65e27cd37015e27d4dc38000a</formId>
        <buttonCode>stop</buttonCode>
        <cgbSql>dXBkYXRlIHRwc3NfZXRsX3Rhc2tfMSBzZXQgdGFza19zdGF0dXM9JzQnIHdoZXJlIGlkPScje2lk
fSc=</cgbSql>
        <content>暂停</content>
      </org.jeecgframework.web.cgform.entity.button.CgformButtonSqlEntity>
      <org.jeecgframework.web.cgform.entity.button.CgformButtonSqlEntity>
        <id>8a81b2e65e2b9ae0015e2ba489ae0004</id>
        <formId>8a81b2e65e27cd37015e27d4dc38000a</formId>
        <buttonCode>start</buttonCode>
        <cgbSql>dXBkYXRlIHRwc3NfZXRsX3Rhc2tfMSBzZXQgdGFza19zdGF0dXM9JzAnIHdoZXJlIGlkPScje2lk
fSc7</cgbSql>
        <content>启动任务</content>
      </org.jeecgframework.web.cgform.entity.button.CgformButtonSqlEntity>
    </tableData>
  </org.jeecgframework.core.common.model.common.DBTable>
  <org.jeecgframework.core.common.model.common.DBTable>
    <tableName>cgform_ftl</tableName>
    <tableEntityClass>org.jeecgframework.web.cgform.entity.cgformftl.CgformFtlEntity</tableEntityClass>
    <tableData/>
  </org.jeecgframework.core.common.model.common.DBTable>
  <org.jeecgframework.core.common.model.common.DBTable>
    <tableName>cgform_uploadfiles</tableName>
    <tableEntityClass>org.jeecgframework.web.cgform.entity.upload.CgUploadEntity</tableEntityClass>
    <tableData/>
  </org.jeecgframework.core.common.model.common.DBTable>
</list>